[{"model": "contenttypes.contenttype", "pk": 1, "fields": {"app_label": "admin", "model": "logentry"}}, {"model": "contenttypes.contenttype", "pk": 2, "fields": {"app_label": "auth", "model": "permission"}}, {"model": "contenttypes.contenttype", "pk": 3, "fields": {"app_label": "auth", "model": "group"}}, {"model": "contenttypes.contenttype", "pk": 4, "fields": {"app_label": "auth", "model": "user"}}, {"model": "contenttypes.contenttype", "pk": 5, "fields": {"app_label": "contenttypes", "model": "contenttype"}}, {"model": "contenttypes.contenttype", "pk": 6, "fields": {"app_label": "sessions", "model": "session"}}, {"model": "contenttypes.contenttype", "pk": 7, "fields": {"app_label": "sites", "model": "site"}}, {"model": "contenttypes.contenttype", "pk": 8, "fields": {"app_label": "account", "model": "emailtoken"}}, {"model": "contenttypes.contenttype", "pk": 9, "fields": {"app_label": "dashboard", "model": "meal"}}, {"model": "contenttypes.contenttype", "pk": 10, "fields": {"app_label": "dashboard", "model": "menu"}}, {"model": "contenttypes.contenttype", "pk": 11, "fields": {"app_label": "dashboard", "model": "taskmenu"}}, {"model": "contenttypes.contenttype", "pk": 12, "fields": {"app_label": "menu", "model": "order"}}, {"model": "sessions.session", "pk": "ifixhdjytlidp7bxu4wazks3bzmocmkn", "fields": {"session_data": "ZjJkNmI2NDE4YTM3NzIzMzE3NzVhYTFmNzMzMGFmODQyYmM3NWQ1MTp7Il9hdXRoX3VzZXJfaWQiOiI0IiwiX2F1dGhfdXNlcl9iYWNrZW5kIjoiZGphbmdvLmNvbnRyaWIuYXV0aC5iYWNrZW5kcy5Nb2RlbEJhY2tlbmQiLCJfYXV0aF91c2VyX2hhc2giOiI5ZDk1MjhjN2E0NWEwNDVjYWM2NDk2ZjNjMjVkOWRhMDVkZDg0YjUyIiwibmFtZSI6ImFhIiwiZW1haWwiOiJhc2RAYXNkLmNsIn0=", "expire_date": "2021-07-21T17:53:12.273"}}, {"model": "sites.site", "pk": 1, "fields": {"domain": "http://localhost:8000", "name": "development"}}, {"model": "dashboard.meal", "pk": 1, "fields": {"title": "Meat with Dessert", "modified_at": null, "deleted_at": null}}, {"model": "dashboard.meal", "pk": 2, "fields": {"title": "Rice with Chicken", "modified_at": null, "deleted_at": null}}, {"model": "dashboard.meal", "pk": 3, "fields": {"title": "Spaghetti with tomato", "modified_at": null, "deleted_at": null}}, {"model": "dashboard.meal", "pk": 4, "fields": {"title": "Vegan2", "modified_at": "2021-07-07T03:19:51.560", "deleted_at": null}}, {"model": "dashboard.meal", "pk": 26, "fields": {"title": "aaa", "modified_at": "2021-07-07T03:21:40.590", "deleted_at": "2021-07-07T03:21:40.590"}}, {"model": "dashboard.meal", "pk": 27, "fields": {"title": "aaa", "modified_at": "2021-07-07T15:41:25.199", "deleted_at": null}}, {"model": "dashboard.meal", "pk": 28, "fields": {"title": "eee", "modified_at": "2021-07-07T15:41:32.050", "deleted_at": null}}, {"model": "dashboard.meal", "pk": 29, "fields": {"title": "er", "modified_at": "2021-07-07T15:42:42.057", "deleted_at": null}}, {"model": "dashboard.menu", "pk": "00000000-0000-0000-0000-000000000001", "fields": {"scheduled_at": "2020-03-17", "created_at": "2020-03-17T11:20:53", "deleted_at": "2021-07-07T15:38:41.572", "meals": [1, 2]}}, {"model": "dashboard.menu", "pk": "00000000-0000-0000-0000-000000000002", "fields": {"scheduled_at": "2020-03-17", "created_at": "2020-03-17T11:20:53", "deleted_at": "2021-07-07T15:43:04.348", "meals": [1, 2]}}, {"model": "dashboard.menu", "pk": "00000000-0000-0000-0000-000000000003", "fields": {"scheduled_at": "2020-03-17", "created_at": "2020-03-17T11:20:53", "deleted_at": null, "meals": [1, 2]}}, {"model": "dashboard.menu", "pk": "00000000-0000-0000-0000-000000000004", "fields": {"scheduled_at": "2020-03-17", "created_at": "2020-03-17T11:20:53", "deleted_at": null, "meals": [1, 2]}}, {"model": "dashboard.menu", "pk": "00000000-0000-0000-0000-000000000005", "fields": {"scheduled_at": "2020-03-17", "created_at": "2020-03-17T11:20:53", "deleted_at": null, "meals": [1, 2]}}, {"model": "dashboard.menu", "pk": "0467e723-e906-4d5c-87cf-22195467f19f", "fields": {"scheduled_at": "2021-07-07", "created_at": "2021-07-07T04:52:03.442", "deleted_at": null, "meals": [1, 3]}}, {"model": "dashboard.menu", "pk": "05aa7bb6-3be4-4ed6-948b-74fb0a05bc48", "fields": {"scheduled_at": "2021-07-07", "created_at": "2021-07-07T04:13:28.882", "deleted_at": null, "meals": [1, 2, 3]}}, {"model": "dashboard.menu", "pk": "06bf9cdf-e8a1-4b82-9288-98cac584fd2f", "fields": {"scheduled_at": "2021-07-16", "created_at": "2021-07-06T03:33:43.482", "deleted_at": null, "meals": [2, 3]}}, {"model": "dashboard.menu", "pk": "0b6f0882-ec95-41dd-8559-b664f5f39e12", "fields": {"scheduled_at": "2021-07-07", "created_at": "2021-07-07T04:07:57.183", "deleted_at": null, "meals": [2, 4]}}, {"model": "dashboard.menu", "pk": "0d0a2ca4-0fef-49b5-9d5a-cc1831af326f", "fields": {"scheduled_at": "2021-07-07", "created_at": "2021-07-07T04:39:09.284", "deleted_at": null, "meals": []}}, {"model": "dashboard.menu", "pk": "1b1de33a-ea5d-4fb1-b9fb-0468b6e023ff", "fields": {"scheduled_at": "2021-07-07", "created_at": "2021-07-07T04:18:29.264", "deleted_at": null, "meals": [1, 2, 4]}}, {"model": "dashboard.menu", "pk": "1f436180-a886-40e0-8da3-4008f11b1f92", "fields": {"scheduled_at": "2021-07-07", "created_at": "2021-07-07T04:21:59.841", "deleted_at": null, "meals": [2, 4]}}, {"model": "dashboard.menu", "pk": "25ba3302-3f77-4238-bed3-2db11e952c7c", "fields": {"scheduled_at": "2021-07-07", "created_at": "2021-07-07T04:04:48.060", "deleted_at": null, "meals": [2]}}, {"model": "dashboard.menu", "pk": "359c80a4-2709-4d2d-bc38-16d9c272506e", "fields": {"scheduled_at": "2021-07-01", "created_at": "2021-07-07T05:00:01.103", "deleted_at": null, "meals": [1, 2]}}, {"model": "dashboard.menu", "pk": "43d0b404-41bb-4b36-a398-310e41f80722", "fields": {"scheduled_at": "2021-07-07", "created_at": "2021-07-07T04:54:29.740", "deleted_at": null, "meals": [1, 2, 3, 4]}}, {"model": "dashboard.menu", "pk": "4773b601-d3d4-42fe-be05-5b533e63fd30", "fields": {"scheduled_at": "2021-07-07", "created_at": "2021-07-07T04:43:35.862", "deleted_at": null, "meals": []}}, {"model": "dashboard.menu", "pk": "50b1b694-072f-4904-a0b6-e3c8efc7fc7a", "fields": {"scheduled_at": "2021-07-07", "created_at": "2021-07-07T04:50:58.182", "deleted_at": null, "meals": []}}, {"model": "dashboard.menu", "pk": "62913239-cbab-4dd2-9338-964fcccc1c76", "fields": {"scheduled_at": "2021-07-07", "created_at": "2021-07-07T15:42:55.718", "deleted_at": null, "meals": [2, 4]}}, {"model": "dashboard.menu", "pk": "6919a2fa-1879-4989-829d-d3d226f8ea42", "fields": {"scheduled_at": "2021-07-07", "created_at": "2021-07-07T15:18:34.844", "deleted_at": null, "meals": [1, 2]}}, {"model": "dashboard.menu", "pk": "8a5b6e54-298f-4202-abff-c017d6402a66", "fields": {"scheduled_at": "2021-07-07", "created_at": "2021-07-07T04:36:56.925", "deleted_at": null, "meals": []}}, {"model": "dashboard.menu", "pk": "95347207-b201-480c-be32-f0238b8cb7cc", "fields": {"scheduled_at": "2021-07-07", "created_at": "2021-07-07T04:02:03.522", "deleted_at": null, "meals": []}}, {"model": "dashboard.menu", "pk": "9e415d96-c165-4244-b06f-b75d7eb0cc25", "fields": {"scheduled_at": "2021-07-07", "created_at": "2021-07-07T04:10:40.222", "deleted_at": null, "meals": [2, 3]}}, {"model": "dashboard.menu", "pk": "9f6ce60b-6da4-4a5d-b0d3-9c1be2328652", "fields": {"scheduled_at": "2021-07-07", "created_at": "2021-07-07T04:44:35.336", "deleted_at": null, "meals": []}}, {"model": "dashboard.menu", "pk": "afb296ec-ecd3-4461-ae3e-9c4ec71ca85e", "fields": {"scheduled_at": "2021-07-07", "created_at": "2021-07-07T04:44:54.423", "deleted_at": null, "meals": []}}, {"model": "dashboard.menu", "pk": "b3f061bf-ebac-4754-9b42-866d3a05f36e", "fields": {"scheduled_at": "2021-07-07", "created_at": "2021-07-07T15:38:48.644", "deleted_at": null, "meals": [2, 3]}}, {"model": "dashboard.menu", "pk": "b5d3cc05-aa2f-472f-9ffc-823c67847adc", "fields": {"scheduled_at": "2021-07-06", "created_at": "2021-07-07T03:50:22.982", "deleted_at": null, "meals": [2, 3, 4]}}, {"model": "dashboard.menu", "pk": "b924f475-b174-4081-81c2-9e5175afe1f2", "fields": {"scheduled_at": "2021-07-07", "created_at": "2021-07-07T04:42:26.660", "deleted_at": null, "meals": []}}, {"model": "dashboard.menu", "pk": "b9de63a4-3671-40a1-afa4-50fd72fdc043", "fields": {"scheduled_at": "2021-07-07", "created_at": "2021-07-07T15:41:06.132", "deleted_at": null, "meals": [2]}}, {"model": "dashboard.menu", "pk": "ba31e62c-fbe6-4130-9037-c10e62d74010", "fields": {"scheduled_at": "2021-07-07", "created_at": "2021-07-07T04:53:29.767", "deleted_at": null, "meals": [1, 2]}}, {"model": "dashboard.menu", "pk": "c1e9233a-09be-44d9-885d-fe5612ebad88", "fields": {"scheduled_at": "2021-07-07", "created_at": "2021-07-07T04:40:53.315", "deleted_at": null, "meals": []}}, {"model": "dashboard.menu", "pk": "c7af6964-7db5-4b6d-a70c-5a6582adea37", "fields": {"scheduled_at": "2021-07-07", "created_at": "2021-07-07T04:51:15.074", "deleted_at": null, "meals": []}}, {"model": "dashboard.menu", "pk": "d0915e06-7264-4973-90b8-ce5b57777272", "fields": {"scheduled_at": "2021-07-07", "created_at": "2021-07-07T04:37:42.463", "deleted_at": null, "meals": []}}, {"model": "dashboard.menu", "pk": "d2e92a96-def2-4681-ab7d-f1a37e5ab30e", "fields": {"scheduled_at": "2021-07-07", "created_at": "2021-07-07T04:52:44.282", "deleted_at": null, "meals": []}}, {"model": "dashboard.menu", "pk": "d7d0fe9a-1c18-453c-b125-0fefa8e0d2d2", "fields": {"scheduled_at": "2021-07-06", "created_at": "2021-07-07T03:56:47.218", "deleted_at": null, "meals": [1]}}, {"model": "dashboard.menu", "pk": "db6e3a52-ed61-4e66-a246-968c67d519b7", "fields": {"scheduled_at": "2021-07-07", "created_at": "2021-07-07T15:20:28.060", "deleted_at": null, "meals": [2, 3]}}, {"model": "dashboard.menu", "pk": "e1a608fb-a1cb-45c8-b81a-2f6a321b83a4", "fields": {"scheduled_at": "2021-07-07", "created_at": "2021-07-07T04:35:31.453", "deleted_at": null, "meals": [1, 2, 3, 4]}}, {"model": "dashboard.menu", "pk": "e6349084-a32f-4e3a-8777-73cca88894b4", "fields": {"scheduled_at": "2021-07-01", "created_at": "2021-07-07T05:00:37.084", "deleted_at": "2021-07-07T14:58:57.638", "meals": [1, 2, 3]}}, {"model": "dashboard.menu", "pk": "ea7805da-fa46-44d1-addd-b064faeacbf9", "fields": {"scheduled_at": "2021-07-07", "created_at": "2021-07-07T04:12:19.294", "deleted_at": null, "meals": [2, 3, 4]}}, {"model": "dashboard.menu", "pk": "ec881ffe-7ef3-45e0-9b30-5a6d17108864", "fields": {"scheduled_at": "2021-07-07", "created_at": "2021-07-07T03:58:11.397", "deleted_at": null, "meals": []}}, {"model": "dashboard.menu", "pk": "fc494907-8c54-463d-9e55-eb33fcbea705", "fields": {"scheduled_at": "2021-07-07", "created_at": "2021-07-07T04:43:50.842", "deleted_at": null, "meals": []}}, {"model": "dashboard.taskmenu", "pk": 19, "fields": {"celery_task_id": "9de5afd6-f454-4b77-b3ca-4846c32c391b", "celery_status": 0, "menu": "b5d3cc05-aa2f-472f-9ffc-823c67847adc"}}, {"model": "dashboard.taskmenu", "pk": 20, "fields": {"celery_task_id": "ec02d730-720b-4c08-89be-49876ba3b16c", "celery_status": 0, "menu": "d7d0fe9a-1c18-453c-b125-0fefa8e0d2d2"}}, {"model": "dashboard.taskmenu", "pk": 21, "fields": {"celery_task_id": "4ba39156-d8d6-4375-b1f5-628c2a60464d", "celery_status": 0, "menu": "25ba3302-3f77-4238-bed3-2db11e952c7c"}}, {"model": "dashboard.taskmenu", "pk": 22, "fields": {"celery_task_id": "0c0878f0-69cf-4950-9d9b-b6a3a0a16d7d", "celery_status": 0, "menu": "0b6f0882-ec95-41dd-8559-b664f5f39e12"}}, {"model": "dashboard.taskmenu", "pk": 23, "fields": {"celery_task_id": "53590b13-c299-48a7-9057-b663c2e9c6e9", "celery_status": 0, "menu": "9e415d96-c165-4244-b06f-b75d7eb0cc25"}}, {"model": "dashboard.taskmenu", "pk": 24, "fields": {"celery_task_id": "fe283619-07ce-47ee-9103-e6ca16918130", "celery_status": 0, "menu": "ea7805da-fa46-44d1-addd-b064faeacbf9"}}, {"model": "dashboard.taskmenu", "pk": 25, "fields": {"celery_task_id": "b58dd8e4-b43b-4845-95e8-518815ba6ee2", "celery_status": 0, "menu": "05aa7bb6-3be4-4ed6-948b-74fb0a05bc48"}}, {"model": "dashboard.taskmenu", "pk": 26, "fields": {"celery_task_id": "6e66d80d-3dcc-49ae-8c27-6aa0ec18f422", "celery_status": 0, "menu": "1b1de33a-ea5d-4fb1-b9fb-0468b6e023ff"}}, {"model": "dashboard.taskmenu", "pk": 27, "fields": {"celery_task_id": "5634fdd6-a287-40e1-aefd-5e722488c9ce", "celery_status": 0, "menu": "1f436180-a886-40e0-8da3-4008f11b1f92"}}, {"model": "dashboard.taskmenu", "pk": 28, "fields": {"celery_task_id": "bceb241c-b0c8-41ee-a50f-9e870fc148b8", "celery_status": 0, "menu": "e1a608fb-a1cb-45c8-b81a-2f6a321b83a4"}}, {"model": "dashboard.taskmenu", "pk": 29, "fields": {"celery_task_id": "75ee77b6-635f-4352-899f-0ddad8d9dd99", "celery_status": 0, "menu": "0467e723-e906-4d5c-87cf-22195467f19f"}}, {"model": "dashboard.taskmenu", "pk": 30, "fields": {"celery_task_id": "863c6ed8-ebc2-47c0-b970-a3751d887f91", "celery_status": 0, "menu": "ba31e62c-fbe6-4130-9037-c10e62d74010"}}, {"model": "dashboard.taskmenu", "pk": 31, "fields": {"celery_task_id": "74b95dd1-bf33-4232-883b-268dd0750009", "celery_status": 0, "menu": "43d0b404-41bb-4b36-a398-310e41f80722"}}, {"model": "dashboard.taskmenu", "pk": 32, "fields": {"celery_task_id": "057e4c39-8ab2-4e64-ad84-bdaa19ca7df7", "celery_status": 0, "menu": "359c80a4-2709-4d2d-bc38-16d9c272506e"}}, {"model": "dashboard.taskmenu", "pk": 33, "fields": {"celery_task_id": "6c0bdf99-c4d4-4c2a-99b0-5a0262f57495", "celery_status": 0, "menu": "e6349084-a32f-4e3a-8777-73cca88894b4"}}, {"model": "dashboard.taskmenu", "pk": 34, "fields": {"celery_task_id": "22459ecc-daea-4171-bc80-304cd04420b5", "celery_status": 0, "menu": "6919a2fa-1879-4989-829d-d3d226f8ea42"}}, {"model": "dashboard.taskmenu", "pk": 35, "fields": {"celery_task_id": "0b12a2c3-b317-4f14-8296-d8f3641ae046", "celery_status": 0, "menu": "db6e3a52-ed61-4e66-a246-968c67d519b7"}}, {"model": "dashboard.taskmenu", "pk": 36, "fields": {"celery_task_id": "c3e392af-3403-4785-85cb-384a3663e193", "celery_status": 0, "menu": "b3f061bf-ebac-4754-9b42-866d3a05f36e"}}, {"model": "dashboard.taskmenu", "pk": 37, "fields": {"celery_task_id": "ef70294b-b46e-49fa-8c23-8061e04d5e83", "celery_status": 0, "menu": "b9de63a4-3671-40a1-afa4-50fd72fdc043"}}, {"model": "dashboard.taskmenu", "pk": 38, "fields": {"celery_task_id": "2e2293c6-d1ab-46a1-976b-079c83c7666a", "celery_status": 0, "menu": "62913239-cbab-4dd2-9338-964fcccc1c76"}}, {"model": "menu.order", "pk": 1, "fields": {"meal": 1, "name": null, "email": "drigox90+order@gmail.com", "suggestion": "Nada", "created_at": "2020-03-17T11:20:53"}}, {"model": "menu.order", "pk": 2, "fields": {"meal": 2, "name": "aa", "email": "asd@asd.cl", "suggestion": "", "created_at": "2021-07-07T17:50:12.615"}}, {"model": "menu.order", "pk": 3, "fields": {"meal": 2, "name": "aa", "email": "asd@asd.cl", "suggestion": "", "created_at": "2021-07-07T17:50:20.441"}}, {"model": "menu.order", "pk": 4, "fields": {"meal": 3, "name": "aa", "email": "asd@asd.cl", "suggestion": "", "created_at": "2021-07-07T17:53:12.263"}}, {"model": "auth.permission", "pk": 1, "fields": {"name": "Can add log entry", "content_type": 1, "codename": "add_logentry"}}, {"model": "auth.permission", "pk": 2, "fields": {"name": "Can change log entry", "content_type": 1, "codename": "change_logentry"}}, {"model": "auth.permission", "pk": 3, "fields": {"name": "Can delete log entry", "content_type": 1, "codename": "delete_logentry"}}, {"model": "auth.permission", "pk": 4, "fields": {"name": "Can view log entry", "content_type": 1, "codename": "view_logentry"}}, {"model": "auth.permission", "pk": 5, "fields": {"name": "Can add permission", "content_type": 2, "codename": "add_permission"}}, {"model": "auth.permission", "pk": 6, "fields": {"name": "Can change permission", "content_type": 2, "codename": "change_permission"}}, {"model": "auth.permission", "pk": 7, "fields": {"name": "Can delete permission", "content_type": 2, "codename": "delete_permission"}}, {"model": "auth.permission", "pk": 8, "fields": {"name": "Can view permission", "content_type": 2, "codename": "view_permission"}}, {"model": "auth.permission", "pk": 9, "fields": {"name": "Can add group", "content_type": 3, "codename": "add_group"}}, {"model": "auth.permission", "pk": 10, "fields": {"name": "Can change group", "content_type": 3, "codename": "change_group"}}, {"model": "auth.permission", "pk": 11, "fields": {"name": "Can delete group", "content_type": 3, "codename": "delete_group"}}, {"model": "auth.permission", "pk": 12, "fields": {"name": "Can view group", "content_type": 3, "codename": "view_group"}}, {"model": "auth.permission", "pk": 13, "fields": {"name": "Can add user", "content_type": 4, "codename": "add_user"}}, {"model": "auth.permission", "pk": 14, "fields": {"name": "Can change user", "content_type": 4, "codename": "change_user"}}, {"model": "auth.permission", "pk": 15, "fields": {"name": "Can delete user", "content_type": 4, "codename": "delete_user"}}, {"model": "auth.permission", "pk": 16, "fields": {"name": "Can view user", "content_type": 4, "codename": "view_user"}}, {"model": "auth.permission", "pk": 17, "fields": {"name": "Can add content type", "content_type": 5, "codename": "add_contenttype"}}, {"model": "auth.permission", "pk": 18, "fields": {"name": "Can change content type", "content_type": 5, "codename": "change_contenttype"}}, {"model": "auth.permission", "pk": 19, "fields": {"name": "Can delete content type", "content_type": 5, "codename": "delete_contenttype"}}, {"model": "auth.permission", "pk": 20, "fields": {"name": "Can view content type", "content_type": 5, "codename": "view_contenttype"}}, {"model": "auth.permission", "pk": 21, "fields": {"name": "Can add session", "content_type": 6, "codename": "add_session"}}, {"model": "auth.permission", "pk": 22, "fields": {"name": "Can change session", "content_type": 6, "codename": "change_session"}}, {"model": "auth.permission", "pk": 23, "fields": {"name": "Can delete session", "content_type": 6, "codename": "delete_session"}}, {"model": "auth.permission", "pk": 24, "fields": {"name": "Can view session", "content_type": 6, "codename": "view_session"}}, {"model": "auth.permission", "pk": 25, "fields": {"name": "Can add site", "content_type": 7, "codename": "add_site"}}, {"model": "auth.permission", "pk": 26, "fields": {"name": "Can change site", "content_type": 7, "codename": "change_site"}}, {"model": "auth.permission", "pk": 27, "fields": {"name": "Can delete site", "content_type": 7, "codename": "delete_site"}}, {"model": "auth.permission", "pk": 28, "fields": {"name": "Can view site", "content_type": 7, "codename": "view_site"}}, {"model": "auth.permission", "pk": 29, "fields": {"name": "Can add email token", "content_type": 8, "codename": "add_emailtoken"}}, {"model": "auth.permission", "pk": 30, "fields": {"name": "Can change email token", "content_type": 8, "codename": "change_emailtoken"}}, {"model": "auth.permission", "pk": 31, "fields": {"name": "Can delete email token", "content_type": 8, "codename": "delete_emailtoken"}}, {"model": "auth.permission", "pk": 32, "fields": {"name": "Can view email token", "content_type": 8, "codename": "view_emailtoken"}}, {"model": "auth.permission", "pk": 33, "fields": {"name": "Can add meal", "content_type": 9, "codename": "add_meal"}}, {"model": "auth.permission", "pk": 34, "fields": {"name": "Can change meal", "content_type": 9, "codename": "change_meal"}}, {"model": "auth.permission", "pk": 35, "fields": {"name": "Can delete meal", "content_type": 9, "codename": "delete_meal"}}, {"model": "auth.permission", "pk": 36, "fields": {"name": "Can view meal", "content_type": 9, "codename": "view_meal"}}, {"model": "auth.permission", "pk": 37, "fields": {"name": "Can add menu", "content_type": 10, "codename": "add_menu"}}, {"model": "auth.permission", "pk": 38, "fields": {"name": "Can change menu", "content_type": 10, "codename": "change_menu"}}, {"model": "auth.permission", "pk": 39, "fields": {"name": "Can delete menu", "content_type": 10, "codename": "delete_menu"}}, {"model": "auth.permission", "pk": 40, "fields": {"name": "Can view menu", "content_type": 10, "codename": "view_menu"}}, {"model": "auth.permission", "pk": 41, "fields": {"name": "Can add task menu", "content_type": 11, "codename": "add_taskmenu"}}, {"model": "auth.permission", "pk": 42, "fields": {"name": "Can change task menu", "content_type": 11, "codename": "change_taskmenu"}}, {"model": "auth.permission", "pk": 43, "fields": {"name": "Can delete task menu", "content_type": 11, "codename": "delete_taskmenu"}}, {"model": "auth.permission", "pk": 44, "fields": {"name": "Can view task menu", "content_type": 11, "codename": "view_taskmenu"}}, {"model": "auth.permission", "pk": 45, "fields": {"name": "Can add order", "content_type": 12, "codename": "add_order"}}, {"model": "auth.permission", "pk": 46, "fields": {"name": "Can change order", "content_type": 12, "codename": "change_order"}}, {"model": "auth.permission", "pk": 47, "fields": {"name": "Can delete order", "content_type": 12, "codename": "delete_order"}}, {"model": "auth.permission", "pk": 48, "fields": {"name": "Can view order", "content_type": 12, "codename": "view_order"}}, {"model": "auth.user", "pk": 4, "fields": {"password": "pbkdf2_sha256$180000$ChgQlrOx4uHZ$Jdq+KRmYeYDjRRtRXL147OWePBd0xF0XTecO+sKqcVU=", "last_login": "2021-07-06T03:17:23.107", "is_superuser": false, "username": "drigox90rih@gmail.com", "first_name": "Rodrigo", "last_name": "Smith", "email": "drigox90rih@gmail.com", "is_staff": false, "is_active": true, "date_joined": "2021-07-06T03:11:12.946", "groups": [], "user_permissions": []}}, {"model": "account.emailtoken", "pk": 4, "fields": {"token": "zTLH8HF3qq6ktEb7C_qtM-g9arA", "verified": true, "user": 4, "last_email_sent": "2021-07-06T03:11:14.105", "created": "2021-07-06T03:11:13.116", "updated": "2021-07-06T03:16:41.008"}}]